id,name,slug,short_description,description,price,sale_price,stock_quantity,main_image_url,additional_image_urls,display_order,status,category_slug,brand_slug,source_marketplace,source_url,source_price_jpy,source_currency,exchange_rate_note
,DHC Vitamin C 60 Day 120 Capsules Set of 3 Daily,dhc-vitamin-c-60-day-120-capsules-set-of-3-daily-b00p2bsw8e,"Vitamin C DHC dạng hard capsule, set 3 gói 60 ngày.",Vitamin C supplement collected from Amazon.co.jp. Price converted from JPY to VND; stock is a placeholder.,331000,,35,https://images-na.ssl-images-amazon.com/images/P/B00P2BSW8E.09.LZZZZZZZ.jpg,https://images-na.ssl-images-amazon.com/images/P/B00P2BSW8E.01.LZZZZZZZ.jpg|https://images-na.ssl-images-amazon.com/images/P/B00P2BSW8E.02.LZZZZZZZ.jpg|https://images-na.ssl-images-amazon.com/images/P/B00P2BSW8E.03.LZZZZZZZ.jpg|https://images-na.ssl-images-amazon.com/images/P/B00P2BSW8E.04.LZZZZZZZ.jpg|https://images-na.ssl-images-amazon.com/images/P/B00P2BSW8E.05.LZZZZZZZ.jpg,1,1,thuc-pham-bo-sung,,Amazon Japan,https://www.amazon.co.jp/dp/B00P2BSW8E,1980,JPY,1 JPY = 167.08 VND
,ASUS Vivobook 15 Ryzen 7 16GB 1TB Quiet Blue,asus-vivobook-15-ryzen-7-16gb-1tb-quiet-blue,"ASUS Vivobook 15 laptop with Ryzen 7, 16GB RAM, 1TB SSD and WPS Office.",Collected from Amazon.co.jp laptop listings. Price converted from JPY to VND; stock is a placeholder.,15004000,,20,https://images-na.ssl-images-amazon.com/images/P/B0CFL32M48.09.LZZZZZZZ.jpg,https://images-na.ssl-images-amazon.com/images/P/B0CFL32M48.01.LZZZZZZZ.jpg|https://images-na.ssl-images-amazon.com/images/P/B0CFL32M48.02.LZZZZZZZ.jpg|https://images-na.ssl-images-amazon.com/images/P/B0CFL32M48.03.LZZZZZZZ.jpg|https://images-na.ssl-images-amazon.com/images/P/B0CFL32M48.04.LZZZZZZZ.jpg|https://images-na.ssl-images-amazon.com/images/P/B0CFL32M48.05.LZZZZZZZ.jpg,2,1,laptop,asus,Amazon Japan,https://www.amazon.co.jp/dp/B0CFL32M48,89800,JPY,1 JPY = 167.08 VND
,DHC GABA 30 Day 30 Tablets Value Pack,dhc-gaba-30-day-30-tablets-value-pack-b074crblwt,"DHC GABA 30 ngày, thực phẩm bổ sung hỗ trợ lối sống bận rộn.",GABA supplement collected from Amazon.co.jp. Price converted from JPY to VND; stock is a placeholder.,177000,163000,34,https://images-na.ssl-images-amazon.com/images/P/B074CRBLWT.09.LZZZZZZZ.jpg,https://images-na.ssl-images-amazon.com/images/P/B074CRBLWT.01.LZZZZZZZ.jpg|https://images-na.ssl-images-amazon.com/images/P/B074CRBLWT.02.LZZZZZZZ.jpg|https://images-na.ssl-images-amazon.com/images/P/B074CRBLWT.03.LZZZZZZZ.jpg|https://images-na.ssl-images-amazon.com/images/P/B074CRBLWT.04.LZZZZZZZ.jpg|https://images-na.ssl-images-amazon.com/images/P/B074CRBLWT.05.LZZZZZZZ.jpg,3,1,thuc-pham-bo-sung,,Amazon Japan,https://www.amazon.co.jp/dp/B074CRBLWT,1058,JPY,1 JPY = 167.08 VND
,Sony WH-1000XM6 Wireless Noise Cancelling Headphones Black,sony-wh-1000xm6-wireless-noise-cancelling-headphones-black,Sony WH-1000XM6 wireless noise-cancelling over-ear headphones.,Collected from Amazon.co.jp. Price converted from JPY to VND; stock is a placeholder.,10025000,,20,https://images-na.ssl-images-amazon.com/images/P/B0F77PMC1P.09.LZZZZZZZ.jpg,https://images-na.ssl-images-amazon.com/images/P/B0F77PMC1P.01.LZZZZZZZ.jpg|https://images-na.ssl-images-amazon.com/images/P/B0F77PMC1P.02.LZZZZZZZ.jpg|https://images-na.ssl-images-amazon.com/images/P/B0F77PMC1P.03.LZZZZZZZ.jpg|https://images-na.ssl-images-amazon.com/images/P/B0F77PMC1P.04.LZZZZZZZ.jpg|https://images-na.ssl-images-amazon.com/images/P/B0F77PMC1P.05.LZZZZZZZ.jpg,4,1,tai-nghe,sony,Amazon Japan,https://www.amazon.co.jp/dp/B0F77PMC1P,60000,JPY,1 JPY = 167.08 VND
,Nature Made Super Vitamin D 1000 IU 90 Tablets Daily,nature-made-super-vitamin-d-1000-iu-90-tablets-daily-b009ob2fvs,"Nature Made Super Vitamin D 1000 IU, 90 viên.",Vitamin D3 supplement collected from Amazon.co.jp. Price converted from JPY to VND; stock is a placeholder.,130000,,43,https://images-na.ssl-images-amazon.com/images/P/B009OB2FVS.09.LZZZZZZZ.jpg,https://images-na.ssl-images-amazon.com/images/P/B009OB2FVS.01.LZZZZZZZ.jpg|https://images-na.ssl-images-amazon.com/images/P/B009OB2FVS.02.LZZZZZZZ.jpg|https://images-na.ssl-images-amazon.com/images/P/B009OB2FVS.03.LZZZZZZZ.jpg|https://images-na.ssl-images-amazon.com/images/P/B009OB2FVS.04.LZZZZZZZ.jpg|https://images-na.ssl-images-amazon.com/images/P/B009OB2FVS.05.LZZZZZZZ.jpg,5,1,thuc-pham-bo-sung,,Amazon Japan,https://www.amazon.co.jp/dp/B009OB2FVS,780,JPY,1 JPY = 167.08 VND
,DHC Force Collie 30 Day 120 Tablets Family Pack,dhc-force-collie-30-day-120-tablets-family-pack-b004bru0nk,"DHC Force Collie 30 ngày, supplement quản lý vóc dáng.",Diet support supplement collected from Amazon.co.jp. Price converted from JPY to VND; stock is a placeholder.,512000,471000,39,https://images-na.ssl-images-amazon.com/images/P/B004BRU0NK.09.LZZZZZZZ.jpg,https://images-na.ssl-images-amazon.com/images/P/B004BRU0NK.01.LZZZZZZZ.jpg|https://images-na.ssl-images-amazon.com/images/P/B004BRU0NK.02.LZZZZZZZ.jpg|https://images-na.ssl-images-amazon.com/images/P/B004BRU0NK.03.LZZZZZZZ.jpg|https://images-na.ssl-images-amazon.com/images/P/B004BRU0NK.04.LZZZZZZZ.jpg|https://images-na.ssl-images-amazon.com/images/P/B004BRU0NK.05.LZZZZZZZ.jpg,6,1,thuc-pham-bo-sung,,Amazon Japan,https://www.amazon.co.jp/dp/B004BRU0NK,3066,JPY,1 JPY = 167.08 VND
,Apple 2024 11-inch iPad Air M2 Wi-Fi 256GB Blue,apple-2024-11-inch-ipad-air-m2-wifi-256gb-blue,Apple 2024 11-inch iPad Air M2 with 256GB storage and Wi-Fi.,Collected from Amazon.co.jp iPad listings. Price converted from JPY to VND; stock is a placeholder.,16222000,,20,https://images-na.ssl-images-amazon.com/images/P/B0D3J71TVW.09.LZZZZZZZ.jpg,https://images-na.ssl-images-amazon.com/images/P/B0D3J71TVW.01.LZZZZZZZ.jpg|https://images-na.ssl-images-amazon.com/images/P/B0D3J71TVW.02.LZZZZZZZ.jpg|https://images-na.ssl-images-amazon.com/images/P/B0D3J71TVW.03.LZZZZZZZ.jpg|https://images-na.ssl-images-amazon.com/images/P/B0D3J71TVW.04.LZZZZZZZ.jpg|https://images-na.ssl-images-amazon.com/images/P/B0D3J71TVW.05.LZZZZZZZ.jpg,7,1,may-tinh-bang,apple,Amazon Japan,https://www.amazon.co.jp/dp/B0D3J71TVW,97091,JPY,1 JPY = 167.08 VND
,DHC Vitamin C 60 Day 120 Capsules Set of 3 Travel Pack,dhc-vitamin-c-60-day-120-capsules-set-of-3-travel-pack-b00p2bsw8e,"Vitamin C DHC dạng hard capsule, set 3 gói 60 ngày.",Vitamin C supplement collected from Amazon.co.jp. Price converted from JPY to VND; stock is a placeholder.,318000,,38,https://images-na.ssl-images-amazon.com/images/P/B00P2BSW8E.09.LZZZZZZZ.jpg,https://images-na.ssl-images-amazon.com/images/P/B00P2BSW8E.01.LZZZZZZZ.jpg|https://images-na.ssl-images-amazon.com/images/P/B00P2BSW8E.02.LZZZZZZZ.jpg|https://images-na.ssl-images-amazon.com/images/P/B00P2BSW8E.03.LZZZZZZZ.jpg|https://images-na.ssl-images-amazon.com/images/P/B00P2BSW8E.04.LZZZZZZZ.jpg|https://images-na.ssl-images-amazon.com/images/P/B00P2BSW8E.05.LZZZZZZZ.jpg,8,1,thuc-pham-bo-sung,,Amazon Japan,https://www.amazon.co.jp/dp/B00P2BSW8E,1901,JPY,1 JPY = 167.08 VND
,DHC Diet Power 30 Day 90 Tablets Value Pack,dhc-diet-power-30-day-90-tablets-value-pack-b004brsbvs,"DHC Diet Power 30 ngày, supplement hỗ trợ kiểm soát dinh dưỡng.",Diet support supplement collected from Amazon.co.jp. Price converted from JPY to VND; stock is a placeholder.,268000,247000,42,https://images-na.ssl-images-amazon.com/images/P/B004BRSBVS.09.LZZZZZZZ.jpg,https://images-na.ssl-images-amazon.com/images/P/B004BRSBVS.01.LZZZZZZZ.jpg|https://images-na.ssl-images-amazon.com/images/P/B004BRSBVS.02.LZZZZZZZ.jpg|https://images-na.ssl-images-amazon.com/images/P/B004BRSBVS.03.LZZZZZZZ.jpg|https://images-na.ssl-images-amazon.com/images/P/B004BRSBVS.04.LZZZZZZZ.jpg|https://images-na.ssl-images-amazon.com/images/P/B004BRSBVS.05.LZZZZZZZ.jpg,9,1,thuc-pham-bo-sung,,Amazon Japan,https://www.amazon.co.jp/dp/B004BRSBVS,1607,JPY,1 JPY = 167.08 VND
,DHC Vitamin B Mix 60 Day 120 Tablets Travel Pack,dhc-vitamin-b-mix-60-day-120-tablets-travel-pack-b00871dqka,"DHC Vitamin B Mix 60 ngày, nhóm vitamin B dạng viên.",Vitamin B supplement collected from Amazon.co.jp. Price converted from JPY to VND; stock is a placeholder.,122000,,34,https://images-na.ssl-images-amazon.com/images/P/B00871DQKA.09.LZZZZZZZ.jpg,https://images-na.ssl-images-amazon.com/images/P/B00871DQKA.01.LZZZZZZZ.jpg|https://images-na.ssl-images-amazon.com/images/P/B00871DQKA.02.LZZZZZZZ.jpg|https://images-na.ssl-images-amazon.com/images/P/B00871DQKA.03.LZZZZZZZ.jpg|https://images-na.ssl-images-amazon.com/images/P/B00871DQKA.04.LZZZZZZZ.jpg|https://images-na.ssl-images-amazon.com/images/P/B00871DQKA.05.LZZZZZZZ.jpg,10,1,thuc-pham-bo-sung,,Amazon Japan,https://www.amazon.co.jp/dp/B00871DQKA,730,JPY,1 JPY = 167.08 VND
,TP-Link Archer AX73 A Wi-Fi 6 Router AX5400,tp-link-archer-ax73-a-wifi-6-router-ax5400,"TP-Link Archer AX73/A dual-band Wi-Fi 6 router, AX5400 class.",Collected from Amazon.co.jp TP-Link store page. Price converted from JPY to VND; stock is a placeholder.,3926000,,20,https://images-na.ssl-images-amazon.com/images/P/B08RDHHS6Z.09.LZZZZZZZ.jpg,https://images-na.ssl-images-amazon.com/images/P/B08RDHHS6Z.01.LZZZZZZZ.jpg|https://images-na.ssl-images-amazon.com/images/P/B08RDHHS6Z.02.LZZZZZZZ.jpg|https://images-na.ssl-images-amazon.com/images/P/B08RDHHS6Z.03.LZZZZZZZ.jpg|https://images-na.ssl-images-amazon.com/images/P/B08RDHHS6Z.04.LZZZZZZZ.jpg|https://images-na.ssl-images-amazon.com/images/P/B08RDHHS6Z.05.LZZZZZZZ.jpg,11,1,thiet-bi-mang,,Amazon Japan,https://www.amazon.co.jp/dp/B08RDHHS6Z,23500,JPY,1 JPY = 167.08 VND
,Sony WF-C500 Truly Wireless Earbuds Ice Green,sony-wf-c500-truly-wireless-earbuds-ice-green,Sony WF-C500 lightweight true wireless earbuds with IPX4 splash resistance.,Collected from Amazon.co.jp daily deal listings. Price converted from JPY to VND; stock is a placeholder.,910000,,20,https://images-na.ssl-images-amazon.com/images/P/B09GK8FS94.09.LZZZZZZZ.jpg,https://images-na.ssl-images-amazon.com/images/P/B09GK8FS94.01.LZZZZZZZ.jpg|https://images-na.ssl-images-amazon.com/images/P/B09GK8FS94.02.LZZZZZZZ.jpg|https://images-na.ssl-images-amazon.com/images/P/B09GK8FS94.03.LZZZZZZZ.jpg|https://images-na.ssl-images-amazon.com/images/P/B09GK8FS94.04.LZZZZZZZ.jpg|https://images-na.ssl-images-amazon.com/images/P/B09GK8FS94.05.LZZZZZZZ.jpg,12,1,tai-nghe,sony,Amazon Japan,https://www.amazon.co.jp/dp/B09GK8FS94,5444,JPY,1 JPY = 167.08 VND
,Xiaomi Smart Band 9 Arctic Blue,xiaomi-smart-band-9-arctic-blue,Xiaomi Smart Band 9 with 21-day battery life and 150 sport modes.,Collected from Amazon.co.jp. Price converted from JPY to VND; stock is a placeholder.,916000,,20,https://images-na.ssl-images-amazon.com/images/P/B0D98DMX2H.09.LZZZZZZZ.jpg,https://images-na.ssl-images-amazon.com/images/P/B0D98DMX2H.01.LZZZZZZZ.jpg|https://images-na.ssl-images-amazon.com/images/P/B0D98DMX2H.02.LZZZZZZZ.jpg|https://images-na.ssl-images-amazon.com/images/P/B0D98DMX2H.03.LZZZZZZZ.jpg|https://images-na.ssl-images-amazon.com/images/P/B0D98DMX2H.04.LZZZZZZZ.jpg|https://images-na.ssl-images-amazon.com/images/P/B0D98DMX2H.05.LZZZZZZZ.jpg,13,1,dong-ho-thong-minh,xiaomi,Amazon Japan,https://www.amazon.co.jp/dp/B0D98DMX2H,5480,JPY,1 JPY = 167.08 VND
,DHC Vitamin B Mix 60 Day 120 Tablets Daily,dhc-vitamin-b-mix-60-day-120-tablets-daily-b00871dqka,"DHC Vitamin B Mix 60 ngày, nhóm vitamin B dạng viên.",Vitamin B supplement collected from Amazon.co.jp. Price converted from JPY to VND; stock is a placeholder.,127000,,31,https://images-na.ssl-images-amazon.com/images/P/B00871DQKA.09.LZZZZZZZ.jpg,https://images-na.ssl-images-amazon.com/images/P/B00871DQKA.01.LZZZZZZZ.jpg|https://images-na.ssl-images-amazon.com/images/P/B00871DQKA.02.LZZZZZZZ.jpg|https://images-na.ssl-images-amazon.com/images/P/B00871DQKA.03.LZZZZZZZ.jpg|https://images-na.ssl-images-amazon.com/images/P/B00871DQKA.04.LZZZZZZZ.jpg|https://images-na.ssl-images-amazon.com/images/P/B00871DQKA.05.LZZZZZZZ.jpg,14,1,thuc-pham-bo-sung,,Amazon Japan,https://www.amazon.co.jp/dp/B00871DQKA,760,JPY,1 JPY = 167.08 VND
,Apple AirTag 4 Pack,apple-airtag-4-pack,"Apple AirTag smart tracker, four-pack.",Collected from Amazon.co.jp smart tracker ranking. Price converted from JPY to VND; stock is a placeholder.,2722000,,20,https://images-na.ssl-images-amazon.com/images/P/B0932QJ2JZ.09.LZZZZZZZ.jpg,https://images-na.ssl-images-amazon.com/images/P/B0932QJ2JZ.01.LZZZZZZZ.jpg|https://images-na.ssl-images-amazon.com/images/P/B0932QJ2JZ.02.LZZZZZZZ.jpg|https://images-na.ssl-images-amazon.com/images/P/B0932QJ2JZ.03.LZZZZZZZ.jpg|https://images-na.ssl-images-amazon.com/images/P/B0932QJ2JZ.04.LZZZZZZZ.jpg|https://images-na.ssl-images-amazon.com/images/P/B0932QJ2JZ.05.LZZZZZZZ.jpg,15,1,phu-kien,apple,Amazon Japan,https://www.amazon.co.jp/dp/B0932QJ2JZ,16294,JPY,1 JPY = 167.08 VND
,OPPO Reno13 A Charcoal Gray Enco Buds3 Pro Set,oppo-reno13-a-charcoal-gray-enco-buds3-pro-set,OPPO Reno13 A SIM-free smartphone bundle with Enco Buds3 Pro.,Collected from Amazon.co.jp smartphone listings. Price converted from JPY to VND; stock is a placeholder.,7412000,,20,https://images-na.ssl-images-amazon.com/images/P/B0FCL8L1TT.09.LZZZZZZZ.jpg,https://images-na.ssl-images-amazon.com/images/P/B0FCL8L1TT.01.LZZZZZZZ.jpg|https://images-na.ssl-images-amazon.com/images/P/B0FCL8L1TT.02.LZZZZZZZ.jpg|https://images-na.ssl-images-amazon.com/images/P/B0FCL8L1TT.03.LZZZZZZZ.jpg|https://images-na.ssl-images-amazon.com/images/P/B0FCL8L1TT.04.LZZZZZZZ.jpg|https://images-na.ssl-images-amazon.com/images/P/B0FCL8L1TT.05.LZZZZZZZ.jpg,16,1,dien-thoai,oppo,Amazon Japan,https://www.amazon.co.jp/dp/B0FCL8L1TT,44364,JPY,1 JPY = 167.08 VND
,DHC Diet Power 30 Day 90 Tablets Family Pack,dhc-diet-power-30-day-90-tablets-family-pack-b004brsbvs,"DHC Diet Power 30 ngày, supplement hỗ trợ kiểm soát dinh dưỡng.",Diet support supplement collected from Amazon.co.jp. Price converted from JPY to VND; stock is a placeholder.,293000,270000,43,https://images-na.ssl-images-amazon.com/images/P/B004BRSBVS.09.LZZZZZZZ.jpg,https://images-na.ssl-images-amazon.com/images/P/B004BRSBVS.01.LZZZZZZZ.jpg|https://images-na.ssl-images-amazon.com/images/P/B004BRSBVS.02.LZZZZZZZ.jpg|https://images-na.ssl-images-amazon.com/images/P/B004BRSBVS.03.LZZZZZZZ.jpg|https://images-na.ssl-images-amazon.com/images/P/B004BRSBVS.04.LZZZZZZZ.jpg|https://images-na.ssl-images-amazon.com/images/P/B004BRSBVS.05.LZZZZZZZ.jpg,17,1,thuc-pham-bo-sung,,Amazon Japan,https://www.amazon.co.jp/dp/B004BRSBVS,1756,JPY,1 JPY = 167.08 VND
,Apple Watch SE 2nd Gen GPS 40mm Midnight,apple-watch-se-2nd-gen-gps-40mm-midnight,"Apple Watch SE 2nd generation GPS smartwatch, 40mm midnight aluminum case.",Collected from Amazon.co.jp smartwatch listings. Price converted from JPY to VND; stock is a placeholder.,5029000,,20,https://images-na.ssl-images-amazon.com/images/P/B0CHXC7JL9.09.LZZZZZZZ.jpg,https://images-na.ssl-images-amazon.com/images/P/B0CHXC7JL9.01.LZZZZZZZ.jpg|https://images-na.ssl-images-amazon.com/images/P/B0CHXC7JL9.02.LZZZZZZZ.jpg|https://images-na.ssl-images-amazon.com/images/P/B0CHXC7JL9.03.LZZZZZZZ.jpg|https://images-na.ssl-images-amazon.com/images/P/B0CHXC7JL9.04.LZZZZZZZ.jpg|https://images-na.ssl-images-amazon.com/images/P/B0CHXC7JL9.05.LZZZZZZZ.jpg,18,1,dong-ho-thong-minh,apple,Amazon Japan,https://www.amazon.co.jp/dp/B0CHXC7JL9,30101,JPY,1 JPY = 167.08 VND
,Dear Natura Style Multi Vitamin 90 Day Family Pack,dear-natura-style-multi-vitamin-90-day-family-pack-b0bk7x8fv5,"Dear Natura Style multivitamin, gói 90 ngày.",Multivitamin supplement collected from Amazon.co.jp. Price converted from JPY to VND; stock is a placeholder.,221000,203000,31,https://images-na.ssl-images-amazon.com/images/P/B0BK7X8FV5.09.LZZZZZZZ.jpg,https://images-na.ssl-images-amazon.com/images/P/B0BK7X8FV5.01.LZZZZZZZ.jpg|https://images-na.ssl-images-amazon.com/images/P/B0BK7X8FV5.02.LZZZZZZZ.jpg|https://images-na.ssl-images-amazon.com/images/P/B0BK7X8FV5.03.LZZZZZZZ.jpg|https://images-na.ssl-images-amazon.com/images/P/B0BK7X8FV5.04.LZZZZZZZ.jpg|https://images-na.ssl-images-amazon.com/images/P/B0BK7X8FV5.05.LZZZZZZZ.jpg,19,1,thuc-pham-bo-sung,,Amazon Japan,https://www.amazon.co.jp/dp/B0BK7X8FV5,1322,JPY,1 JPY = 167.08 VND
,Dear Natura Style Multi Vitamin 90 Day Daily,dear-natura-style-multi-vitamin-90-day-daily-b0bk7x8fv5,"Dear Natura Style multivitamin, gói 90 ngày.",Multivitamin supplement collected from Amazon.co.jp. Price converted from JPY to VND; stock is a placeholder.,187000,,47,https://images-na.ssl-images-amazon.com/images/P/B0BK7X8FV5.09.LZZZZZZZ.jpg,https://images-na.ssl-images-amazon.com/images/P/B0BK7X8FV5.01.LZZZZZZZ.jpg|https://images-na.ssl-images-amazon.com/images/P/B0BK7X8FV5.02.LZZZZZZZ.jpg|https://images-na.ssl-images-amazon.com/images/P/B0BK7X8FV5.03.LZZZZZZZ.jpg|https://images-na.ssl-images-amazon.com/images/P/B0BK7X8FV5.04.LZZZZZZZ.jpg|https://images-na.ssl-images-amazon.com/images/P/B0BK7X8FV5.05.LZZZZZZZ.jpg,20,1,thuc-pham-bo-sung,,Amazon Japan,https://www.amazon.co.jp/dp/B0BK7X8FV5,1120,JPY,1 JPY = 167.08 VND
,DHC Calcium Magnesium 90 Day 270 Tablets Travel Pack,dhc-calcium-magnesium-90-day-270-tablets-travel-pack-b06xw1tnbx,"DHC Calcium/Mag 90 ngày, bổ sung calcium và magnesium.",Mineral supplement collected from Amazon.co.jp. Price converted from JPY to VND; stock is a placeholder.,184000,,30,https://images-na.ssl-images-amazon.com/images/P/B06XW1TNBX.09.LZZZZZZZ.jpg,https://images-na.ssl-images-amazon.com/images/P/B06XW1TNBX.01.LZZZZZZZ.jpg|https://images-na.ssl-images-amazon.com/images/P/B06XW1TNBX.02.LZZZZZZZ.jpg|https://images-na.ssl-images-amazon.com/images/P/B06XW1TNBX.03.LZZZZZZZ.jpg|https://images-na.ssl-images-amazon.com/images/P/B06XW1TNBX.04.LZZZZZZZ.jpg|https://images-na.ssl-images-amazon.com/images/P/B06XW1TNBX.05.LZZZZZZZ.jpg,21,1,thuc-pham-bo-sung,,Amazon Japan,https://www.amazon.co.jp/dp/B06XW1TNBX,1099,JPY,1 JPY = 167.08 VND
,Buffalo WSR-5400AX6P NBK Wi-Fi 6 Router,buffalo-wsr-5400ax6p-nbk-wifi-6-router,Buffalo WSR-5400AX6P/NBK Wi-Fi 6 router with EasyMesh support.,Collected from Amazon.co.jp. Price converted from JPY to VND; stock is a placeholder.,2553000,,20,https://images-na.ssl-images-amazon.com/images/P/B0CB8N3K8C.09.LZZZZZZZ.jpg,https://images-na.ssl-images-amazon.com/images/P/B0CB8N3K8C.01.LZZZZZZZ.jpg|https://images-na.ssl-images-amazon.com/images/P/B0CB8N3K8C.02.LZZZZZZZ.jpg|https://images-na.ssl-images-amazon.com/images/P/B0CB8N3K8C.03.LZZZZZZZ.jpg|https://images-na.ssl-images-amazon.com/images/P/B0CB8N3K8C.04.LZZZZZZZ.jpg|https://images-na.ssl-images-amazon.com/images/P/B0CB8N3K8C.05.LZZZZZZZ.jpg,22,1,thiet-bi-mang,,Amazon Japan,https://www.amazon.co.jp/dp/B0CB8N3K8C,15280,JPY,1 JPY = 167.08 VND
,Nature Made Super Vitamin D 1000 IU 90 Tablets Travel Pack,nature-made-super-vitamin-d-1000-iu-90-tablets-travel-pack-b009ob2fvs,"Nature Made Super Vitamin D 1000 IU, 90 viên.",Vitamin D3 supplement collected from Amazon.co.jp. Price converted from JPY to VND; stock is a placeholder.,125000,,46,https://images-na.ssl-images-amazon.com/images/P/B009OB2FVS.09.LZZZZZZZ.jpg,https://images-na.ssl-images-amazon.com/images/P/B009OB2FVS.01.LZZZZZZZ.jpg|https://images-na.ssl-images-amazon.com/images/P/B009OB2FVS.02.LZZZZZZZ.jpg|https://images-na.ssl-images-amazon.com/images/P/B009OB2FVS.03.LZZZZZZZ.jpg|https://images-na.ssl-images-amazon.com/images/P/B009OB2FVS.04.LZZZZZZZ.jpg|https://images-na.ssl-images-amazon.com/images/P/B009OB2FVS.05.LZZZZZZZ.jpg,23,1,thuc-pham-bo-sung,,Amazon Japan,https://www.amazon.co.jp/dp/B009OB2FVS,749,JPY,1 JPY = 167.08 VND
,Dell Inspiron 14 5440 Core i5 16GB 512GB,dell-inspiron-14-5440-core-i5-16gb-512gb,"Dell Inspiron 14 laptop with Core i5, 16GB RAM, 512GB SSD and Office 2021.",Collected from Amazon.co.jp. Price converted from JPY to VND; stock is a placeholder.,20701000,,20,https://images-na.ssl-images-amazon.com/images/P/B0D69PQC6W.09.LZZZZZZZ.jpg,https://images-na.ssl-images-amazon.com/images/P/B0D69PQC6W.01.LZZZZZZZ.jpg|https://images-na.ssl-images-amazon.com/images/P/B0D69PQC6W.02.LZZZZZZZ.jpg|https://images-na.ssl-images-amazon.com/images/P/B0D69PQC6W.03.LZZZZZZZ.jpg|https://images-na.ssl-images-amazon.com/images/P/B0D69PQC6W.04.LZZZZZZZ.jpg|https://images-na.ssl-images-amazon.com/images/P/B0D69PQC6W.05.LZZZZZZZ.jpg,24,1,laptop,dell,Amazon Japan,https://www.amazon.co.jp/dp/B0D69PQC6W,123900,JPY,1 JPY = 167.08 VND
,DHC Vitamin C 60 Day 120 Capsules Set of 3 Family Pack,dhc-vitamin-c-60-day-120-capsules-set-of-3-family-pack-b00p2bsw8e,"Vitamin C DHC dạng hard capsule, set 3 gói 60 ngày.",Vitamin C supplement collected from Amazon.co.jp. Price converted from JPY to VND; stock is a placeholder.,390000,359000,37,https://images-na.ssl-images-amazon.com/images/P/B00P2BSW8E.09.LZZZZZZZ.jpg,https://images-na.ssl-images-amazon.com/images/P/B00P2BSW8E.01.LZZZZZZZ.jpg|https://images-na.ssl-images-amazon.com/images/P/B00P2BSW8E.02.LZZZZZZZ.jpg|https://images-na.ssl-images-amazon.com/images/P/B00P2BSW8E.03.LZZZZZZZ.jpg|https://images-na.ssl-images-amazon.com/images/P/B00P2BSW8E.04.LZZZZZZZ.jpg|https://images-na.ssl-images-amazon.com/images/P/B00P2BSW8E.05.LZZZZZZZ.jpg,25,1,thuc-pham-bo-sung,,Amazon Japan,https://www.amazon.co.jp/dp/B00P2BSW8E,2336,JPY,1 JPY = 167.08 VND
,DHC Vitamin B Mix 60 Day 120 Tablets Family Pack,dhc-vitamin-b-mix-60-day-120-tablets-family-pack-b00871dqka,"DHC Vitamin B Mix 60 ngày, nhóm vitamin B dạng viên.",Vitamin B supplement collected from Amazon.co.jp. Price converted from JPY to VND; stock is a placeholder.,150000,138000,33,https://images-na.ssl-images-amazon.com/images/P/B00871DQKA.09.LZZZZZZZ.jpg,https://images-na.ssl-images-amazon.com/images/P/B00871DQKA.01.LZZZZZZZ.jpg|https://images-na.ssl-images-amazon.com/images/P/B00871DQKA.02.LZZZZZZZ.jpg|https://images-na.ssl-images-amazon.com/images/P/B00871DQKA.03.LZZZZZZZ.jpg|https://images-na.ssl-images-amazon.com/images/P/B00871DQKA.04.LZZZZZZZ.jpg|https://images-na.ssl-images-amazon.com/images/P/B00871DQKA.05.LZZZZZZZ.jpg,26,1,thuc-pham-bo-sung,,Amazon Japan,https://www.amazon.co.jp/dp/B00871DQKA,897,JPY,1 JPY = 167.08 VND
,Apple Watch Series 10 GPS 42mm Rose Gold,apple-watch-series-10-gps-42mm-rose-gold,"Apple Watch Series 10 GPS model, 42mm rose gold aluminum case.",Collected from Amazon.co.jp smartwatch listings. Price converted from JPY to VND; stock is a placeholder.,9156000,,20,https://images-na.ssl-images-amazon.com/images/P/B0DGJ5TFM2.09.LZZZZZZZ.jpg,https://images-na.ssl-images-amazon.com/images/P/B0DGJ5TFM2.01.LZZZZZZZ.jpg|https://images-na.ssl-images-amazon.com/images/P/B0DGJ5TFM2.02.LZZZZZZZ.jpg|https://images-na.ssl-images-amazon.com/images/P/B0DGJ5TFM2.03.LZZZZZZZ.jpg|https://images-na.ssl-images-amazon.com/images/P/B0DGJ5TFM2.04.LZZZZZZZ.jpg|https://images-na.ssl-images-amazon.com/images/P/B0DGJ5TFM2.05.LZZZZZZZ.jpg,27,1,dong-ho-thong-minh,apple,Amazon Japan,https://www.amazon.co.jp/dp/B0DGJ5TFM2,54800,JPY,1 JPY = 167.08 VND
,Nature Made Super Vitamin D 1000 IU 90 Tablets Value Pack,nature-made-super-vitamin-d-1000-iu-90-tablets-value-pack-b009ob2fvs,"Nature Made Super Vitamin D 1000 IU, 90 viên.",Vitamin D3 supplement collected from Amazon.co.jp. Price converted from JPY to VND; stock is a placeholder.,141000,129000,44,https://images-na.ssl-images-amazon.com/images/P/B009OB2FVS.09.LZZZZZZZ.jpg,https://images-na.ssl-images-amazon.com/images/P/B009OB2FVS.01.LZZZZZZZ.jpg|https://images-na.ssl-images-amazon.com/images/P/B009OB2FVS.02.LZZZZZZZ.jpg|https://images-na.ssl-images-amazon.com/images/P/B009OB2FVS.03.LZZZZZZZ.jpg|https://images-na.ssl-images-amazon.com/images/P/B009OB2FVS.04.LZZZZZZZ.jpg|https://images-na.ssl-images-amazon.com/images/P/B009OB2FVS.05.LZZZZZZZ.jpg,28,1,thuc-pham-bo-sung,,Amazon Japan,https://www.amazon.co.jp/dp/B009OB2FVS,842,JPY,1 JPY = 167.08 VND
,Xiaomi Band 9 Pro Black,xiaomi-band-9-pro-black,Xiaomi Band 9 Pro smartwatch with 1.74-inch OLED display and GNSS support.,Collected from Amazon.co.jp smartwatch listings. Price converted from JPY to VND; stock is a placeholder.,1551000,,20,https://images-na.ssl-images-amazon.com/images/P/B0DK71CTCK.09.LZZZZZZZ.jpg,https://images-na.ssl-images-amazon.com/images/P/B0DK71CTCK.01.LZZZZZZZ.jpg|https://images-na.ssl-images-amazon.com/images/P/B0DK71CTCK.02.LZZZZZZZ.jpg|https://images-na.ssl-images-amazon.com/images/P/B0DK71CTCK.03.LZZZZZZZ.jpg|https://images-na.ssl-images-amazon.com/images/P/B0DK71CTCK.04.LZZZZZZZ.jpg|https://images-na.ssl-images-amazon.com/images/P/B0DK71CTCK.05.LZZZZZZZ.jpg,29,1,dong-ho-thong-minh,xiaomi,Amazon Japan,https://www.amazon.co.jp/dp/B0DK71CTCK,9280,JPY,1 JPY = 167.08 VND
,DHC Natural Vitamin E Soy 90 Day 90 Tablets Daily,dhc-natural-vitamin-e-soy-90-day-90-tablets-daily-b01naavgn0,"Vitamin E tự nhiên DHC chiết xuất từ đậu nành, gói 90 ngày.",Vitamin E supplement collected from Amazon.co.jp. Price converted from JPY to VND; stock is a placeholder.,197000,,39,https://images-na.ssl-images-amazon.com/images/P/B01NAAVGN0.09.LZZZZZZZ.jpg,https://images-na.ssl-images-amazon.com/images/P/B01NAAVGN0.01.LZZZZZZZ.jpg|https://images-na.ssl-images-amazon.com/images/P/B01NAAVGN0.02.LZZZZZZZ.jpg|https://images-na.ssl-images-amazon.com/images/P/B01NAAVGN0.03.LZZZZZZZ.jpg|https://images-na.ssl-images-amazon.com/images/P/B01NAAVGN0.04.LZZZZZZZ.jpg|https://images-na.ssl-images-amazon.com/images/P/B01NAAVGN0.05.LZZZZZZZ.jpg,30,1,thuc-pham-bo-sung,,Amazon Japan,https://www.amazon.co.jp/dp/B01NAAVGN0,1180,JPY,1 JPY = 167.08 VND
,DHC GABA 30 Day 30 Tablets Daily,dhc-gaba-30-day-30-tablets-daily-b074crblwt,"DHC GABA 30 ngày, thực phẩm bổ sung hỗ trợ lối sống bận rộn.",GABA supplement collected from Amazon.co.jp. Price converted from JPY to VND; stock is a placeholder.,164000,,33,https://images-na.ssl-images-amazon.com/images/P/B074CRBLWT.09.LZZZZZZZ.jpg,https://images-na.ssl-images-amazon.com/images/P/B074CRBLWT.01.LZZZZZZZ.jpg|https://images-na.ssl-images-amazon.com/images/P/B074CRBLWT.02.LZZZZZZZ.jpg|https://images-na.ssl-images-amazon.com/images/P/B074CRBLWT.03.LZZZZZZZ.jpg|https://images-na.ssl-images-amazon.com/images/P/B074CRBLWT.04.LZZZZZZZ.jpg|https://images-na.ssl-images-amazon.com/images/P/B074CRBLWT.05.LZZZZZZZ.jpg,31,1,thuc-pham-bo-sung,,Amazon Japan,https://www.amazon.co.jp/dp/B074CRBLWT,980,JPY,1 JPY = 167.08 VND
,DHC Calcium Magnesium 90 Day 270 Tablets Daily,dhc-calcium-magnesium-90-day-270-tablets-daily-b06xw1tnbx,"DHC Calcium/Mag 90 ngày, bổ sung calcium và magnesium.",Mineral supplement collected from Amazon.co.jp. Price converted from JPY to VND; stock is a placeholder.,191000,,45,https://images-na.ssl-images-amazon.com/images/P/B06XW1TNBX.09.LZZZZZZZ.jpg,https://images-na.ssl-images-amazon.com/images/P/B06XW1TNBX.01.LZZZZZZZ.jpg|https://images-na.ssl-images-amazon.com/images/P/B06XW1TNBX.02.LZZZZZZZ.jpg|https://images-na.ssl-images-amazon.com/images/P/B06XW1TNBX.03.LZZZZZZZ.jpg|https://images-na.ssl-images-amazon.com/images/P/B06XW1TNBX.04.LZZZZZZZ.jpg|https://images-na.ssl-images-amazon.com/images/P/B06XW1TNBX.05.LZZZZZZZ.jpg,32,1,thuc-pham-bo-sung,,Amazon Japan,https://www.amazon.co.jp/dp/B06XW1TNBX,1145,JPY,1 JPY = 167.08 VND
,Apple 11-inch iPad A16 Wi-Fi 128GB Yellow,apple-11-inch-ipad-a16-wifi-128gb-yellow,Apple 11-inch iPad A16 with 128GB storage and Wi-Fi.,Collected from Amazon.co.jp iPad listings. Price converted from JPY to VND; stock is a placeholder.,9824000,,20,https://images-na.ssl-images-amazon.com/images/P/B0DZ7WF87P.09.LZZZZZZZ.jpg,https://images-na.ssl-images-amazon.com/images/P/B0DZ7WF87P.01.LZZZZZZZ.jpg|https://images-na.ssl-images-amazon.com/images/P/B0DZ7WF87P.02.LZZZZZZZ.jpg|https://images-na.ssl-images-amazon.com/images/P/B0DZ7WF87P.03.LZZZZZZZ.jpg|https://images-na.ssl-images-amazon.com/images/P/B0DZ7WF87P.04.LZZZZZZZ.jpg|https://images-na.ssl-images-amazon.com/images/P/B0DZ7WF87P.05.LZZZZZZZ.jpg,33,1,may-tinh-bang,apple,Amazon Japan,https://www.amazon.co.jp/dp/B0DZ7WF87P,58800,JPY,1 JPY = 167.08 VND
,Anker Nano II 65W USB-C Charger Black,anker-nano-ii-65w-usb-c-charger-black,Anker Nano II 65W USB-C PD charger with foldable plug.,Collected from Amazon.co.jp. Price converted from JPY to VND; stock is a placeholder.,750000,,20,https://images-na.ssl-images-amazon.com/images/P/B08X11GD52.09.LZZZZZZZ.jpg,https://images-na.ssl-images-amazon.com/images/P/B08X11GD52.01.LZZZZZZZ.jpg|https://images-na.ssl-images-amazon.com/images/P/B08X11GD52.02.LZZZZZZZ.jpg|https://images-na.ssl-images-amazon.com/images/P/B08X11GD52.03.LZZZZZZZ.jpg|https://images-na.ssl-images-amazon.com/images/P/B08X11GD52.04.LZZZZZZZ.jpg|https://images-na.ssl-images-amazon.com/images/P/B08X11GD52.05.LZZZZZZZ.jpg,34,1,phu-kien,,Amazon Japan,https://www.amazon.co.jp/dp/B08X11GD52,4490,JPY,1 JPY = 167.08 VND
,Sony WF-1000XM5 Wireless Noise Cancelling Earbuds Black,sony-wf-1000xm5-wireless-noise-cancelling-earbuds-black,Sony WF-1000XM5 true wireless noise-cancelling earbuds.,Collected from Amazon.co.jp earbud listing. Price converted from JPY to VND; stock is a placeholder.,6650000,,20,https://images-na.ssl-images-amazon.com/images/P/B0CBKQZXT7.09.LZZZZZZZ.jpg,https://images-na.ssl-images-amazon.com/images/P/B0CBKQZXT7.01.LZZZZZZZ.jpg|https://images-na.ssl-images-amazon.com/images/P/B0CBKQZXT7.02.LZZZZZZZ.jpg|https://images-na.ssl-images-amazon.com/images/P/B0CBKQZXT7.03.LZZZZZZZ.jpg|https://images-na.ssl-images-amazon.com/images/P/B0CBKQZXT7.04.LZZZZZZZ.jpg|https://images-na.ssl-images-amazon.com/images/P/B0CBKQZXT7.05.LZZZZZZZ.jpg,35,1,tai-nghe,sony,Amazon Japan,https://www.amazon.co.jp/dp/B0CBKQZXT7,39800,JPY,1 JPY = 167.08 VND
,DHC Vitamin B Mix 60 Day 120 Tablets Value Pack,dhc-vitamin-b-mix-60-day-120-tablets-value-pack-b00871dqka,"DHC Vitamin B Mix 60 ngày, nhóm vitamin B dạng viên.",Vitamin B supplement collected from Amazon.co.jp. Price converted from JPY to VND; stock is a placeholder.,137000,126000,32,https://images-na.ssl-images-amazon.com/images/P/B00871DQKA.09.LZZZZZZZ.jpg,https://images-na.ssl-images-amazon.com/images/P/B00871DQKA.01.LZZZZZZZ.jpg|https://images-na.ssl-images-amazon.com/images/P/B00871DQKA.02.LZZZZZZZ.jpg|https://images-na.ssl-images-amazon.com/images/P/B00871DQKA.03.LZZZZZZZ.jpg|https://images-na.ssl-images-amazon.com/images/P/B00871DQKA.04.LZZZZZZZ.jpg|https://images-na.ssl-images-amazon.com/images/P/B00871DQKA.05.LZZZZZZZ.jpg,36,1,thuc-pham-bo-sung,,Amazon Japan,https://www.amazon.co.jp/dp/B00871DQKA,821,JPY,1 JPY = 167.08 VND
,DHC Natural Vitamin E Soy 90 Day 90 Tablets Value Pack,dhc-natural-vitamin-e-soy-90-day-90-tablets-value-pack-b01naavgn0,"Vitamin E tự nhiên DHC chiết xuất từ đậu nành, gói 90 ngày.",Vitamin E supplement collected from Amazon.co.jp. Price converted from JPY to VND; stock is a placeholder.,213000,196000,40,https://images-na.ssl-images-amazon.com/images/P/B01NAAVGN0.09.LZZZZZZZ.jpg,https://images-na.ssl-images-amazon.com/images/P/B01NAAVGN0.01.LZZZZZZZ.jpg|https://images-na.ssl-images-amazon.com/images/P/B01NAAVGN0.02.LZZZZZZZ.jpg|https://images-na.ssl-images-amazon.com/images/P/B01NAAVGN0.03.LZZZZZZZ.jpg|https://images-na.ssl-images-amazon.com/images/P/B01NAAVGN0.04.LZZZZZZZ.jpg|https://images-na.ssl-images-amazon.com/images/P/B01NAAVGN0.05.LZZZZZZZ.jpg,37,1,thuc-pham-bo-sung,,Amazon Japan,https://www.amazon.co.jp/dp/B01NAAVGN0,1274,JPY,1 JPY = 167.08 VND
,HP 15-fd Core i5 16GB 256GB Natural Silver,hp-15-fd-core-i5-16gb-256gb-natural-silver,"HP 15-fd thin laptop with 13th Gen Intel Core i5, 16GB RAM and 256GB SSD.",Collected from Amazon.co.jp HP laptop listings. Price converted from JPY to VND; stock is a placeholder.,12999000,,20,https://images-na.ssl-images-amazon.com/images/P/B0D4YDXL59.09.LZZZZZZZ.jpg,https://images-na.ssl-images-amazon.com/images/P/B0D4YDXL59.01.LZZZZZZZ.jpg|https://images-na.ssl-images-amazon.com/images/P/B0D4YDXL59.02.LZZZZZZZ.jpg|https://images-na.ssl-images-amazon.com/images/P/B0D4YDXL59.03.LZZZZZZZ.jpg|https://images-na.ssl-images-amazon.com/images/P/B0D4YDXL59.04.LZZZZZZZ.jpg|https://images-na.ssl-images-amazon.com/images/P/B0D4YDXL59.05.LZZZZZZZ.jpg,38,1,laptop,hp,Amazon Japan,https://www.amazon.co.jp/dp/B0D4YDXL59,77800,JPY,1 JPY = 167.08 VND
,Dell Inspiron 14 5445 Ryzen 7 16GB 1TB,dell-inspiron-14-5445-ryzen-7-16gb-1tb,"Dell Inspiron 14 laptop with Ryzen 7, 16GB RAM and 1TB SSD.",Collected from Amazon.co.jp. Price converted from JPY to VND; stock is a placeholder.,17209000,,20,https://images-na.ssl-images-amazon.com/images/P/B082WRXHTF.09.LZZZZZZZ.jpg,https://images-na.ssl-images-amazon.com/images/P/B082WRXHTF.01.LZZZZZZZ.jpg|https://images-na.ssl-images-amazon.com/images/P/B082WRXHTF.02.LZZZZZZZ.jpg|https://images-na.ssl-images-amazon.com/images/P/B082WRXHTF.03.LZZZZZZZ.jpg|https://images-na.ssl-images-amazon.com/images/P/B082WRXHTF.04.LZZZZZZZ.jpg|https://images-na.ssl-images-amazon.com/images/P/B082WRXHTF.05.LZZZZZZZ.jpg,39,1,laptop,dell,Amazon Japan,https://www.amazon.co.jp/dp/B082WRXHTF,103000,JPY,1 JPY = 167.08 VND
,Apple iPhone 16 256GB Ultramarine SIM Free,apple-iphone-16-256gb-ultramarine-sim-free,Apple iPhone 16 256GB SIM-free 5G model from Amazon Japan.,Collected from Amazon.co.jp. Price converted from JPY to VND for this app import; stock is a placeholder.,23358000,,20,https://images-na.ssl-images-amazon.com/images/P/B0DGJBMMCV.09.LZZZZZZZ.jpg,https://images-na.ssl-images-amazon.com/images/P/B0DGJBMMCV.01.LZZZZZZZ.jpg|https://images-na.ssl-images-amazon.com/images/P/B0DGJBMMCV.02.LZZZZZZZ.jpg|https://images-na.ssl-images-amazon.com/images/P/B0DGJBMMCV.03.LZZZZZZZ.jpg|https://images-na.ssl-images-amazon.com/images/P/B0DGJBMMCV.04.LZZZZZZZ.jpg|https://images-na.ssl-images-amazon.com/images/P/B0DGJBMMCV.05.LZZZZZZZ.jpg,40,1,dien-thoai,apple,Amazon Japan,https://www.amazon.co.jp/dp/B0DGJBMMCV,139800,JPY,1 JPY = 167.08 VND
,DHC Calcium Magnesium 90 Day 270 Tablets Family Pack,dhc-calcium-magnesium-90-day-270-tablets-family-pack-b06xw1tnbx,"DHC Calcium/Mag 90 ngày, bổ sung calcium và magnesium.",Mineral supplement collected from Amazon.co.jp. Price converted from JPY to VND; stock is a placeholder.,226000,208000,47,https://images-na.ssl-images-amazon.com/images/P/B06XW1TNBX.09.LZZZZZZZ.jpg,https://images-na.ssl-images-amazon.com/images/P/B06XW1TNBX.01.LZZZZZZZ.jpg|https://images-na.ssl-images-amazon.com/images/P/B06XW1TNBX.02.LZZZZZZZ.jpg|https://images-na.ssl-images-amazon.com/images/P/B06XW1TNBX.03.LZZZZZZZ.jpg|https://images-na.ssl-images-amazon.com/images/P/B06XW1TNBX.04.LZZZZZZZ.jpg|https://images-na.ssl-images-amazon.com/images/P/B06XW1TNBX.05.LZZZZZZZ.jpg,41,1,thuc-pham-bo-sung,,Amazon Japan,https://www.amazon.co.jp/dp/B06XW1TNBX,1351,JPY,1 JPY = 167.08 VND
,Apple AirPods Pro 2 MagSafe Charging Case USB-C,apple-airpods-pro-2-magsafe-charging-case-usb-c,Apple AirPods Pro 2 with MagSafe Charging Case USB-C.,Collected from Amazon.co.jp earbud category listing. Price converted from JPY to VND; stock is a placeholder.,6381000,,20,https://images-na.ssl-images-amazon.com/images/P/B0CHXVBQHR.09.LZZZZZZZ.jpg,https://images-na.ssl-images-amazon.com/images/P/B0CHXVBQHR.01.LZZZZZZZ.jpg|https://images-na.ssl-images-amazon.com/images/P/B0CHXVBQHR.02.LZZZZZZZ.jpg|https://images-na.ssl-images-amazon.com/images/P/B0CHXVBQHR.03.LZZZZZZZ.jpg|https://images-na.ssl-images-amazon.com/images/P/B0CHXVBQHR.04.LZZZZZZZ.jpg|https://images-na.ssl-images-amazon.com/images/P/B0CHXVBQHR.05.LZZZZZZZ.jpg,42,1,tai-nghe,apple,Amazon Japan,https://www.amazon.co.jp/dp/B0CHXVBQHR,38192,JPY,1 JPY = 167.08 VND
,Nature Made Super Vitamin D 1000 IU 90 Tablets Family Pack,nature-made-super-vitamin-d-1000-iu-90-tablets-family-pack-b009ob2fvs,"Nature Made Super Vitamin D 1000 IU, 90 viên.",Vitamin D3 supplement collected from Amazon.co.jp. Price converted from JPY to VND; stock is a placeholder.,154000,141000,45,https://images-na.ssl-images-amazon.com/images/P/B009OB2FVS.09.LZZZZZZZ.jpg,https://images-na.ssl-images-amazon.com/images/P/B009OB2FVS.01.LZZZZZZZ.jpg|https://images-na.ssl-images-amazon.com/images/P/B009OB2FVS.02.LZZZZZZZ.jpg|https://images-na.ssl-images-amazon.com/images/P/B009OB2FVS.03.LZZZZZZZ.jpg|https://images-na.ssl-images-amazon.com/images/P/B009OB2FVS.04.LZZZZZZZ.jpg|https://images-na.ssl-images-amazon.com/images/P/B009OB2FVS.05.LZZZZZZZ.jpg,43,1,thuc-pham-bo-sung,,Amazon Japan,https://www.amazon.co.jp/dp/B009OB2FVS,920,JPY,1 JPY = 167.08 VND
,DHC Multi Vitamin 90 Day 90 Tablets Daily,dhc-multi-vitamin-90-day-90-tablets-daily-b00gx1e3r6,"Vitamin tổng hợp DHC 90 ngày, bổ sung 12 loại vitamin.",Multivitamin supplement collected from Amazon.co.jp. Price converted from JPY to VND; stock is a placeholder.,154000,,31,https://images-na.ssl-images-amazon.com/images/P/B00GX1E3R6.09.LZZZZZZZ.jpg,https://images-na.ssl-images-amazon.com/images/P/B00GX1E3R6.01.LZZZZZZZ.jpg|https://images-na.ssl-images-amazon.com/images/P/B00GX1E3R6.02.LZZZZZZZ.jpg|https://images-na.ssl-images-amazon.com/images/P/B00GX1E3R6.03.LZZZZZZZ.jpg|https://images-na.ssl-images-amazon.com/images/P/B00GX1E3R6.04.LZZZZZZZ.jpg|https://images-na.ssl-images-amazon.com/images/P/B00GX1E3R6.05.LZZZZZZZ.jpg,44,1,thuc-pham-bo-sung,,Amazon Japan,https://www.amazon.co.jp/dp/B00GX1E3R6,921,JPY,1 JPY = 167.08 VND
,Samsung Galaxy S25 Ultra 5G 12GB 512GB,samsung-galaxy-s25-ultra-5g-12gb-512gb,"Galaxy S25 Ultra 5G SIM-free smartphone, 12GB RAM and 512GB storage.",Collected from Amazon.co.jp. Price converted from JPY to VND; stock is a placeholder.,29202000,,20,https://images-na.ssl-images-amazon.com/images/P/B0DVHYL9DV.09.LZZZZZZZ.jpg,https://images-na.ssl-images-amazon.com/images/P/B0DVHYL9DV.01.LZZZZZZZ.jpg|https://images-na.ssl-images-amazon.com/images/P/B0DVHYL9DV.02.LZZZZZZZ.jpg|https://images-na.ssl-images-amazon.com/images/P/B0DVHYL9DV.03.LZZZZZZZ.jpg|https://images-na.ssl-images-amazon.com/images/P/B0DVHYL9DV.04.LZZZZZZZ.jpg|https://images-na.ssl-images-amazon.com/images/P/B0DVHYL9DV.05.LZZZZZZZ.jpg,45,1,dien-thoai,samsung,Amazon Japan,https://www.amazon.co.jp/dp/B0DVHYL9DV,174777,JPY,1 JPY = 167.08 VND
,ASUS Vivobook Go 15 E1504FA Ryzen 5 16GB 512GB,asus-vivobook-go-15-e1504fa-ryzen-5-16gb-512gb,"Amazon.co.jp limited ASUS Vivobook Go 15 laptop with Ryzen 5, 16GB RAM and 512GB SSD.",Collected from Amazon.co.jp. Price converted from JPY to VND; stock is a placeholder.,14168000,,20,https://images-na.ssl-images-amazon.com/images/P/B0C5R1CLLZ.09.LZZZZZZZ.jpg,https://images-na.ssl-images-amazon.com/images/P/B0C5R1CLLZ.01.LZZZZZZZ.jpg|https://images-na.ssl-images-amazon.com/images/P/B0C5R1CLLZ.02.LZZZZZZZ.jpg|https://images-na.ssl-images-amazon.com/images/P/B0C5R1CLLZ.03.LZZZZZZZ.jpg|https://images-na.ssl-images-amazon.com/images/P/B0C5R1CLLZ.04.LZZZZZZZ.jpg|https://images-na.ssl-images-amazon.com/images/P/B0C5R1CLLZ.05.LZZZZZZZ.jpg,46,1,laptop,asus,Amazon Japan,https://www.amazon.co.jp/dp/B0C5R1CLLZ,84800,JPY,1 JPY = 167.08 VND
,DHC Diet Power 30 Day 90 Tablets Daily,dhc-diet-power-30-day-90-tablets-daily-b004brsbvs,"DHC Diet Power 30 ngày, supplement hỗ trợ kiểm soát dinh dưỡng.",Diet support supplement collected from Amazon.co.jp. Price converted from JPY to VND; stock is a placeholder.,249000,,41,https://images-na.ssl-images-amazon.com/images/P/B004BRSBVS.09.LZZZZZZZ.jpg,https://images-na.ssl-images-amazon.com/images/P/B004BRSBVS.01.LZZZZZZZ.jpg|https://images-na.ssl-images-amazon.com/images/P/B004BRSBVS.02.LZZZZZZZ.jpg|https://images-na.ssl-images-amazon.com/images/P/B004BRSBVS.03.LZZZZZZZ.jpg|https://images-na.ssl-images-amazon.com/images/P/B004BRSBVS.04.LZZZZZZZ.jpg|https://images-na.ssl-images-amazon.com/images/P/B004BRSBVS.05.LZZZZZZZ.jpg,47,1,thuc-pham-bo-sung,,Amazon Japan,https://www.amazon.co.jp/dp/B004BRSBVS,1488,JPY,1 JPY = 167.08 VND
,DHC GABA 30 Day 30 Tablets Travel Pack,dhc-gaba-30-day-30-tablets-travel-pack-b074crblwt,"DHC GABA 30 ngày, thực phẩm bổ sung hỗ trợ lối sống bận rộn.",GABA supplement collected from Amazon.co.jp. Price converted from JPY to VND; stock is a placeholder.,157000,,36,https://images-na.ssl-images-amazon.com/images/P/B074CRBLWT.09.LZZZZZZZ.jpg,https://images-na.ssl-images-amazon.com/images/P/B074CRBLWT.01.LZZZZZZZ.jpg|https://images-na.ssl-images-amazon.com/images/P/B074CRBLWT.02.LZZZZZZZ.jpg|https://images-na.ssl-images-amazon.com/images/P/B074CRBLWT.03.LZZZZZZZ.jpg|https://images-na.ssl-images-amazon.com/images/P/B074CRBLWT.04.LZZZZZZZ.jpg|https://images-na.ssl-images-amazon.com/images/P/B074CRBLWT.05.LZZZZZZZ.jpg,48,1,thuc-pham-bo-sung,,Amazon Japan,https://www.amazon.co.jp/dp/B074CRBLWT,941,JPY,1 JPY = 167.08 VND
,Samsung microSD Express Card 256GB for Nintendo Switch 2,samsung-microsd-express-card-256gb-for-nintendo-switch-2,Samsung microSD Express 256GB memory card for Nintendo Switch 2.,Collected from Amazon.co.jp microSD card listings. Price converted from JPY to VND; stock is a placeholder.,1584000,,20,https://images-na.ssl-images-amazon.com/images/P/B0F54H8XRK.09.LZZZZZZZ.jpg,https://images-na.ssl-images-amazon.com/images/P/B0F54H8XRK.01.LZZZZZZZ.jpg|https://images-na.ssl-images-amazon.com/images/P/B0F54H8XRK.02.LZZZZZZZ.jpg|https://images-na.ssl-images-amazon.com/images/P/B0F54H8XRK.03.LZZZZZZZ.jpg|https://images-na.ssl-images-amazon.com/images/P/B0F54H8XRK.04.LZZZZZZZ.jpg|https://images-na.ssl-images-amazon.com/images/P/B0F54H8XRK.05.LZZZZZZZ.jpg,49,1,thiet-bi-mang,samsung,Amazon Japan,https://www.amazon.co.jp/dp/B0F54H8XRK,9480,JPY,1 JPY = 167.08 VND
,DHC Natural Vitamin E Soy 90 Day 90 Tablets Travel Pack,dhc-natural-vitamin-e-soy-90-day-90-tablets-travel-pack-b01naavgn0,"Vitamin E tự nhiên DHC chiết xuất từ đậu nành, gói 90 ngày.",Vitamin E supplement collected from Amazon.co.jp. Price converted from JPY to VND; stock is a placeholder.,189000,,42,https://images-na.ssl-images-amazon.com/images/P/B01NAAVGN0.09.LZZZZZZZ.jpg,https://images-na.ssl-images-amazon.com/images/P/B01NAAVGN0.01.LZZZZZZZ.jpg|https://images-na.ssl-images-amazon.com/images/P/B01NAAVGN0.02.LZZZZZZZ.jpg|https://images-na.ssl-images-amazon.com/images/P/B01NAAVGN0.03.LZZZZZZZ.jpg|https://images-na.ssl-images-amazon.com/images/P/B01NAAVGN0.04.LZZZZZZZ.jpg|https://images-na.ssl-images-amazon.com/images/P/B01NAAVGN0.05.LZZZZZZZ.jpg,50,1,thuc-pham-bo-sung,,Amazon Japan,https://www.amazon.co.jp/dp/B01NAAVGN0,1133,JPY,1 JPY = 167.08 VND
,Apple 11-inch iPad Air M3 Wi-Fi 128GB Blue,apple-11-inch-ipad-air-m3-wifi-128gb-blue,Apple 11-inch iPad Air M3 with 128GB storage and Wi-Fi.,Collected from Amazon.co.jp. Price converted from JPY to VND; stock is a placeholder.,16508000,,20,https://images-na.ssl-images-amazon.com/images/P/B0DZ7WHC6K.09.LZZZZZZZ.jpg,https://images-na.ssl-images-amazon.com/images/P/B0DZ7WHC6K.01.LZZZZZZZ.jpg|https://images-na.ssl-images-amazon.com/images/P/B0DZ7WHC6K.02.LZZZZZZZ.jpg|https://images-na.ssl-images-amazon.com/images/P/B0DZ7WHC6K.03.LZZZZZZZ.jpg|https://images-na.ssl-images-amazon.com/images/P/B0DZ7WHC6K.04.LZZZZZZZ.jpg|https://images-na.ssl-images-amazon.com/images/P/B0DZ7WHC6K.05.LZZZZZZZ.jpg,51,1,may-tinh-bang,apple,Amazon Japan,https://www.amazon.co.jp/dp/B0DZ7WHC6K,98800,JPY,1 JPY = 167.08 VND
,Logicool MX Anywhere 3S Wireless Mouse Graphite,logicool-mx-anywhere-3s-wireless-mouse-graphite,Logicool MX Anywhere 3S compact wireless mouse with quiet buttons and fast scrolling.,Collected from Amazon.co.jp. Price converted from JPY to VND; stock is a placeholder.,2286000,,20,https://images-na.ssl-images-amazon.com/images/P/B0C65MQZ65.09.LZZZZZZZ.jpg,https://images-na.ssl-images-amazon.com/images/P/B0C65MQZ65.01.LZZZZZZZ.jpg|https://images-na.ssl-images-amazon.com/images/P/B0C65MQZ65.02.LZZZZZZZ.jpg|https://images-na.ssl-images-amazon.com/images/P/B0C65MQZ65.03.LZZZZZZZ.jpg|https://images-na.ssl-images-amazon.com/images/P/B0C65MQZ65.04.LZZZZZZZ.jpg|https://images-na.ssl-images-amazon.com/images/P/B0C65MQZ65.05.LZZZZZZZ.jpg,52,1,phu-kien,logitech,Amazon Japan,https://www.amazon.co.jp/dp/B0C65MQZ65,13680,JPY,1 JPY = 167.08 VND
,DHC Vitamin C 60 Day 120 Capsules Set of 3 Value Pack,dhc-vitamin-c-60-day-120-capsules-set-of-3-value-pack-b00p2bsw8e,"Vitamin C DHC dạng hard capsule, set 3 gói 60 ngày.",Vitamin C supplement collected from Amazon.co.jp. Price converted from JPY to VND; stock is a placeholder.,357000,329000,36,https://images-na.ssl-images-amazon.com/images/P/B00P2BSW8E.09.LZZZZZZZ.jpg,https://images-na.ssl-images-amazon.com/images/P/B00P2BSW8E.01.LZZZZZZZ.jpg|https://images-na.ssl-images-amazon.com/images/P/B00P2BSW8E.02.LZZZZZZZ.jpg|https://images-na.ssl-images-amazon.com/images/P/B00P2BSW8E.03.LZZZZZZZ.jpg|https://images-na.ssl-images-amazon.com/images/P/B00P2BSW8E.04.LZZZZZZZ.jpg|https://images-na.ssl-images-amazon.com/images/P/B00P2BSW8E.05.LZZZZZZZ.jpg,53,1,thuc-pham-bo-sung,,Amazon Japan,https://www.amazon.co.jp/dp/B00P2BSW8E,2138,JPY,1 JPY = 167.08 VND
,JBL Tune Beam Ghost True Wireless Earbuds,jbl-tune-beam-ghost-true-wireless-earbuds,JBL Tune Beam Ghost true wireless earbuds with Bluetooth connectivity.,Collected from Amazon.co.jp search listing. Price converted from JPY to VND; stock is a placeholder.,2286000,,20,https://images-na.ssl-images-amazon.com/images/P/B0CNJQJQLW.09.LZZZZZZZ.jpg,https://images-na.ssl-images-amazon.com/images/P/B0CNJQJQLW.01.LZZZZZZZ.jpg|https://images-na.ssl-images-amazon.com/images/P/B0CNJQJQLW.02.LZZZZZZZ.jpg|https://images-na.ssl-images-amazon.com/images/P/B0CNJQJQLW.03.LZZZZZZZ.jpg|https://images-na.ssl-images-amazon.com/images/P/B0CNJQJQLW.04.LZZZZZZZ.jpg|https://images-na.ssl-images-amazon.com/images/P/B0CNJQJQLW.05.LZZZZZZZ.jpg,54,1,tai-nghe,jbl,Amazon Japan,https://www.amazon.co.jp/dp/B0CNJQJQLW,13680,JPY,1 JPY = 167.08 VND
,Sony VLOGCAM ZV-E10M2 Power Zoom Lens Kit Black,sony-vlogcam-zv-e10m2-power-zoom-lens-kit-black,Sony APS-C VLOGCAM ZV-E10M2 mirrorless camera with power zoom lens kit.,Collected from Amazon.co.jp digital camera listings. Price converted from JPY to VND; stock is a placeholder.,23773000,,20,https://images-na.ssl-images-amazon.com/images/P/B0F6YBTB4M.09.LZZZZZZZ.jpg,https://images-na.ssl-images-amazon.com/images/P/B0F6YBTB4M.01.LZZZZZZZ.jpg|https://images-na.ssl-images-amazon.com/images/P/B0F6YBTB4M.02.LZZZZZZZ.jpg|https://images-na.ssl-images-amazon.com/images/P/B0F6YBTB4M.03.LZZZZZZZ.jpg|https://images-na.ssl-images-amazon.com/images/P/B0F6YBTB4M.04.LZZZZZZZ.jpg|https://images-na.ssl-images-amazon.com/images/P/B0F6YBTB4M.05.LZZZZZZZ.jpg,55,1,camera,sony,Amazon Japan,https://www.amazon.co.jp/dp/B0F6YBTB4M,142283,JPY,1 JPY = 167.08 VND
,DHC Force Collie 30 Day 120 Tablets Value Pack,dhc-force-collie-30-day-120-tablets-value-pack-b004bru0nk,"DHC Force Collie 30 ngày, supplement quản lý vóc dáng.",Diet support supplement collected from Amazon.co.jp. Price converted from JPY to VND; stock is a placeholder.,469000,431000,38,https://images-na.ssl-images-amazon.com/images/P/B004BRU0NK.09.LZZZZZZZ.jpg,https://images-na.ssl-images-amazon.com/images/P/B004BRU0NK.01.LZZZZZZZ.jpg|https://images-na.ssl-images-amazon.com/images/P/B004BRU0NK.02.LZZZZZZZ.jpg|https://images-na.ssl-images-amazon.com/images/P/B004BRU0NK.03.LZZZZZZZ.jpg|https://images-na.ssl-images-amazon.com/images/P/B004BRU0NK.04.LZZZZZZZ.jpg|https://images-na.ssl-images-amazon.com/images/P/B004BRU0NK.05.LZZZZZZZ.jpg,56,1,thuc-pham-bo-sung,,Amazon Japan,https://www.amazon.co.jp/dp/B004BRU0NK,2806,JPY,1 JPY = 167.08 VND
,Nikon Z30 Double Zoom Kit Black,nikon-z30-double-zoom-kit-black,Nikon Z30 APS-C mirrorless camera double zoom kit for video and vlog shooting.,Collected from Amazon.co.jp digital camera listings. Price converted from JPY to VND; stock is a placeholder.,22252000,,20,https://images-na.ssl-images-amazon.com/images/P/B0B5CSMSXC.09.LZZZZZZZ.jpg,https://images-na.ssl-images-amazon.com/images/P/B0B5CSMSXC.01.LZZZZZZZ.jpg|https://images-na.ssl-images-amazon.com/images/P/B0B5CSMSXC.02.LZZZZZZZ.jpg|https://images-na.ssl-images-amazon.com/images/P/B0B5CSMSXC.03.LZZZZZZZ.jpg|https://images-na.ssl-images-amazon.com/images/P/B0B5CSMSXC.04.LZZZZZZZ.jpg|https://images-na.ssl-images-amazon.com/images/P/B0B5CSMSXC.05.LZZZZZZZ.jpg,57,1,camera,,Amazon Japan,https://www.amazon.co.jp/dp/B0B5CSMSXC,133180,JPY,1 JPY = 167.08 VND
,Apple Watch Series 10 GPS 46mm Jet Black,apple-watch-series-10-gps-46mm-jet-black,"Apple Watch Series 10 GPS model, 46mm jet black aluminum case.",Collected from Amazon.co.jp Apple Watch store page. Price converted from JPY to VND; stock is a placeholder.,10608000,,20,https://images-na.ssl-images-amazon.com/images/P/B0DGJ5TFM2.09.LZZZZZZZ.jpg,https://images-na.ssl-images-amazon.com/images/P/B0DGJ5TFM2.01.LZZZZZZZ.jpg|https://images-na.ssl-images-amazon.com/images/P/B0DGJ5TFM2.02.LZZZZZZZ.jpg|https://images-na.ssl-images-amazon.com/images/P/B0DGJ5TFM2.03.LZZZZZZZ.jpg|https://images-na.ssl-images-amazon.com/images/P/B0DGJ5TFM2.04.LZZZZZZZ.jpg|https://images-na.ssl-images-amazon.com/images/P/B0DGJ5TFM2.05.LZZZZZZZ.jpg,58,1,dong-ho-thong-minh,apple,Amazon Japan,https://www.amazon.co.jp/dp/B0DGJ5TFM2,63491,JPY,1 JPY = 167.08 VND
,TP-Link Archer AX73V Wi-Fi 6 Router Amazon Limited,tp-link-archer-ax73v-wifi-6-router-amazon-limited,Amazon.co.jp limited TP-Link Archer AX73V Wi-Fi 6 router with EasyMesh support.,Collected from Amazon.co.jp. Price converted from JPY to VND; stock is a placeholder.,1972000,,20,https://images-na.ssl-images-amazon.com/images/P/B0C9PZBQVJ.09.LZZZZZZZ.jpg,https://images-na.ssl-images-amazon.com/images/P/B0C9PZBQVJ.01.LZZZZZZZ.jpg|https://images-na.ssl-images-amazon.com/images/P/B0C9PZBQVJ.02.LZZZZZZZ.jpg|https://images-na.ssl-images-amazon.com/images/P/B0C9PZBQVJ.03.LZZZZZZZ.jpg|https://images-na.ssl-images-amazon.com/images/P/B0C9PZBQVJ.04.LZZZZZZZ.jpg|https://images-na.ssl-images-amazon.com/images/P/B0C9PZBQVJ.05.LZZZZZZZ.jpg,59,1,thiet-bi-mang,,Amazon Japan,https://www.amazon.co.jp/dp/B0C9PZBQVJ,11800,JPY,1 JPY = 167.08 VND
,Sony Alpha 7 III Mirrorless Digital Camera Body,sony-alpha-7-iii-mirrorless-digital-camera-body,Sony Alpha 7 III full-frame mirrorless digital camera body.,Collected from Amazon.co.jp. Price converted from JPY to VND; stock is a placeholder.,34920000,,20,https://images-na.ssl-images-amazon.com/images/P/B07B49TM91.09.LZZZZZZZ.jpg,https://images-na.ssl-images-amazon.com/images/P/B07B49TM91.01.LZZZZZZZ.jpg|https://images-na.ssl-images-amazon.com/images/P/B07B49TM91.02.LZZZZZZZ.jpg|https://images-na.ssl-images-amazon.com/images/P/B07B49TM91.03.LZZZZZZZ.jpg|https://images-na.ssl-images-amazon.com/images/P/B07B49TM91.04.LZZZZZZZ.jpg|https://images-na.ssl-images-amazon.com/images/P/B07B49TM91.05.LZZZZZZZ.jpg,60,1,camera,sony,Amazon Japan,https://www.amazon.co.jp/dp/B07B49TM91,209000,JPY,1 JPY = 167.08 VND
,DHC Multi Vitamin 90 Day 90 Tablets Travel Pack,dhc-multi-vitamin-90-day-90-tablets-travel-pack-b00gx1e3r6,"Vitamin tổng hợp DHC 90 ngày, bổ sung 12 loại vitamin.",Multivitamin supplement collected from Amazon.co.jp. Price converted from JPY to VND; stock is a placeholder.,148000,,34,https://images-na.ssl-images-amazon.com/images/P/B00GX1E3R6.09.LZZZZZZZ.jpg,https://images-na.ssl-images-amazon.com/images/P/B00GX1E3R6.01.LZZZZZZZ.jpg|https://images-na.ssl-images-amazon.com/images/P/B00GX1E3R6.02.LZZZZZZZ.jpg|https://images-na.ssl-images-amazon.com/images/P/B00GX1E3R6.03.LZZZZZZZ.jpg|https://images-na.ssl-images-amazon.com/images/P/B00GX1E3R6.04.LZZZZZZZ.jpg|https://images-na.ssl-images-amazon.com/images/P/B00GX1E3R6.05.LZZZZZZZ.jpg,61,1,thuc-pham-bo-sung,,Amazon Japan,https://www.amazon.co.jp/dp/B00GX1E3R6,884,JPY,1 JPY = 167.08 VND
,DHC Force Collie 30 Day 120 Tablets Daily,dhc-force-collie-30-day-120-tablets-daily-b004bru0nk,"DHC Force Collie 30 ngày, supplement quản lý vóc dáng.",Diet support supplement collected from Amazon.co.jp. Price converted from JPY to VND; stock is a placeholder.,434000,,37,https://images-na.ssl-images-amazon.com/images/P/B004BRU0NK.09.LZZZZZZZ.jpg,https://images-na.ssl-images-amazon.com/images/P/B004BRU0NK.01.LZZZZZZZ.jpg|https://images-na.ssl-images-amazon.com/images/P/B004BRU0NK.02.LZZZZZZZ.jpg|https://images-na.ssl-images-amazon.com/images/P/B004BRU0NK.03.LZZZZZZZ.jpg|https://images-na.ssl-images-amazon.com/images/P/B004BRU0NK.04.LZZZZZZZ.jpg|https://images-na.ssl-images-amazon.com/images/P/B004BRU0NK.05.LZZZZZZZ.jpg,62,1,thuc-pham-bo-sung,,Amazon Japan,https://www.amazon.co.jp/dp/B004BRU0NK,2598,JPY,1 JPY = 167.08 VND
,Apple AirTag 1 Pack,apple-airtag-1-pack,"Apple AirTag smart tracker, single pack.",Collected from Amazon.co.jp smart tracker ranking. Price converted from JPY to VND; stock is a placeholder.,798000,,20,https://images-na.ssl-images-amazon.com/images/P/B0932QJ2JZ.09.LZZZZZZZ.jpg,https://images-na.ssl-images-amazon.com/images/P/B0932QJ2JZ.01.LZZZZZZZ.jpg|https://images-na.ssl-images-amazon.com/images/P/B0932QJ2JZ.02.LZZZZZZZ.jpg|https://images-na.ssl-images-amazon.com/images/P/B0932QJ2JZ.03.LZZZZZZZ.jpg|https://images-na.ssl-images-amazon.com/images/P/B0932QJ2JZ.04.LZZZZZZZ.jpg|https://images-na.ssl-images-amazon.com/images/P/B0932QJ2JZ.05.LZZZZZZZ.jpg,63,1,phu-kien,apple,Amazon Japan,https://www.amazon.co.jp/dp/B0932QJ2JZ,4779,JPY,1 JPY = 167.08 VND
,Anker 735 Charger GaNPrime 65W Black,anker-735-charger-ganprime-65w-black,Anker 65W GaNPrime USB charger with USB-A and USB-C three-port output.,Collected from Amazon.co.jp. Price converted from JPY to VND; stock is a placeholder.,1335000,,20,https://images-na.ssl-images-amazon.com/images/P/B09W9M89WS.09.LZZZZZZZ.jpg,https://images-na.ssl-images-amazon.com/images/P/B09W9M89WS.01.LZZZZZZZ.jpg|https://images-na.ssl-images-amazon.com/images/P/B09W9M89WS.02.LZZZZZZZ.jpg|https://images-na.ssl-images-amazon.com/images/P/B09W9M89WS.03.LZZZZZZZ.jpg|https://images-na.ssl-images-amazon.com/images/P/B09W9M89WS.04.LZZZZZZZ.jpg|https://images-na.ssl-images-amazon.com/images/P/B09W9M89WS.05.LZZZZZZZ.jpg,64,1,phu-kien,,Amazon Japan,https://www.amazon.co.jp/dp/B09W9M89WS,7990,JPY,1 JPY = 167.08 VND
,DHC Multi Vitamin 90 Day 90 Tablets Value Pack,dhc-multi-vitamin-90-day-90-tablets-value-pack-b00gx1e3r6,"Vitamin tổng hợp DHC 90 ngày, bổ sung 12 loại vitamin.",Multivitamin supplement collected from Amazon.co.jp. Price converted from JPY to VND; stock is a placeholder.,166000,153000,32,https://images-na.ssl-images-amazon.com/images/P/B00GX1E3R6.09.LZZZZZZZ.jpg,https://images-na.ssl-images-amazon.com/images/P/B00GX1E3R6.01.LZZZZZZZ.jpg|https://images-na.ssl-images-amazon.com/images/P/B00GX1E3R6.02.LZZZZZZZ.jpg|https://images-na.ssl-images-amazon.com/images/P/B00GX1E3R6.03.LZZZZZZZ.jpg|https://images-na.ssl-images-amazon.com/images/P/B00GX1E3R6.04.LZZZZZZZ.jpg|https://images-na.ssl-images-amazon.com/images/P/B00GX1E3R6.05.LZZZZZZZ.jpg,65,1,thuc-pham-bo-sung,,Amazon Japan,https://www.amazon.co.jp/dp/B00GX1E3R6,995,JPY,1 JPY = 167.08 VND
,Xiaomi POCO M7 Pro 5G 8GB 256GB Black,xiaomi-poco-m7-pro-5g-8gb-256gb-black,Xiaomi POCO M7 Pro 5G Japanese-version SIM-free smartphone.,Collected from Amazon.co.jp smartphone listings. Price converted from JPY to VND; stock is a placeholder.,5009000,,20,https://images-na.ssl-images-amazon.com/images/P/B0DYF4KF65.09.LZZZZZZZ.jpg,https://images-na.ssl-images-amazon.com/images/P/B0DYF4KF65.01.LZZZZZZZ.jpg|https://images-na.ssl-images-amazon.com/images/P/B0DYF4KF65.02.LZZZZZZZ.jpg|https://images-na.ssl-images-amazon.com/images/P/B0DYF4KF65.03.LZZZZZZZ.jpg|https://images-na.ssl-images-amazon.com/images/P/B0DYF4KF65.04.LZZZZZZZ.jpg|https://images-na.ssl-images-amazon.com/images/P/B0DYF4KF65.05.LZZZZZZZ.jpg,66,1,dien-thoai,xiaomi,Amazon Japan,https://www.amazon.co.jp/dp/B0DYF4KF65,29980,JPY,1 JPY = 167.08 VND
,DHC GABA 30 Day 30 Tablets Family Pack,dhc-gaba-30-day-30-tablets-family-pack-b074crblwt,"DHC GABA 30 ngày, thực phẩm bổ sung hỗ trợ lối sống bận rộn.",GABA supplement collected from Amazon.co.jp. Price converted from JPY to VND; stock is a placeholder.,193000,178000,35,https://images-na.ssl-images-amazon.com/images/P/B074CRBLWT.09.LZZZZZZZ.jpg,https://images-na.ssl-images-amazon.com/images/P/B074CRBLWT.01.LZZZZZZZ.jpg|https://images-na.ssl-images-amazon.com/images/P/B074CRBLWT.02.LZZZZZZZ.jpg|https://images-na.ssl-images-amazon.com/images/P/B074CRBLWT.03.LZZZZZZZ.jpg|https://images-na.ssl-images-amazon.com/images/P/B074CRBLWT.04.LZZZZZZZ.jpg|https://images-na.ssl-images-amazon.com/images/P/B074CRBLWT.05.LZZZZZZZ.jpg,67,1,thuc-pham-bo-sung,,Amazon Japan,https://www.amazon.co.jp/dp/B074CRBLWT,1156,JPY,1 JPY = 167.08 VND
,DHC Force Collie 30 Day 120 Tablets Travel Pack,dhc-force-collie-30-day-120-tablets-travel-pack-b004bru0nk,"DHC Force Collie 30 ngày, supplement quản lý vóc dáng.",Diet support supplement collected from Amazon.co.jp. Price converted from JPY to VND; stock is a placeholder.,417000,,40,https://images-na.ssl-images-amazon.com/images/P/B004BRU0NK.09.LZZZZZZZ.jpg,https://images-na.ssl-images-amazon.com/images/P/B004BRU0NK.01.LZZZZZZZ.jpg|https://images-na.ssl-images-amazon.com/images/P/B004BRU0NK.02.LZZZZZZZ.jpg|https://images-na.ssl-images-amazon.com/images/P/B004BRU0NK.03.LZZZZZZZ.jpg|https://images-na.ssl-images-amazon.com/images/P/B004BRU0NK.04.LZZZZZZZ.jpg|https://images-na.ssl-images-amazon.com/images/P/B004BRU0NK.05.LZZZZZZZ.jpg,68,1,thuc-pham-bo-sung,,Amazon Japan,https://www.amazon.co.jp/dp/B004BRU0NK,2494,JPY,1 JPY = 167.08 VND
,Xiaomi Pad 7 8GB 128GB Gray,xiaomi-pad-7-8gb-128gb-gray,"Xiaomi Pad 7 tablet with 3.2K 144Hz display, 8GB RAM and 128GB storage.",Collected from Amazon.co.jp tablet listings. Price converted from JPY to VND; stock is a placeholder.,9186000,,20,https://images-na.ssl-images-amazon.com/images/P/B0DXFC87GF.09.LZZZZZZZ.jpg,https://images-na.ssl-images-amazon.com/images/P/B0DXFC87GF.01.LZZZZZZZ.jpg|https://images-na.ssl-images-amazon.com/images/P/B0DXFC87GF.02.LZZZZZZZ.jpg|https://images-na.ssl-images-amazon.com/images/P/B0DXFC87GF.03.LZZZZZZZ.jpg|https://images-na.ssl-images-amazon.com/images/P/B0DXFC87GF.04.LZZZZZZZ.jpg|https://images-na.ssl-images-amazon.com/images/P/B0DXFC87GF.05.LZZZZZZZ.jpg,69,1,may-tinh-bang,xiaomi,Amazon Japan,https://www.amazon.co.jp/dp/B0DXFC87GF,54980,JPY,1 JPY = 167.08 VND
,DHC Natural Vitamin E Soy 90 Day 90 Tablets Family Pack,dhc-natural-vitamin-e-soy-90-day-90-tablets-family-pack-b01naavgn0,"Vitamin E tự nhiên DHC chiết xuất từ đậu nành, gói 90 ngày.",Vitamin E supplement collected from Amazon.co.jp. Price converted from JPY to VND; stock is a placeholder.,233000,214000,41,https://images-na.ssl-images-amazon.com/images/P/B01NAAVGN0.09.LZZZZZZZ.jpg,https://images-na.ssl-images-amazon.com/images/P/B01NAAVGN0.01.LZZZZZZZ.jpg|https://images-na.ssl-images-amazon.com/images/P/B01NAAVGN0.02.LZZZZZZZ.jpg|https://images-na.ssl-images-amazon.com/images/P/B01NAAVGN0.03.LZZZZZZZ.jpg|https://images-na.ssl-images-amazon.com/images/P/B01NAAVGN0.04.LZZZZZZZ.jpg|https://images-na.ssl-images-amazon.com/images/P/B01NAAVGN0.05.LZZZZZZZ.jpg,70,1,thuc-pham-bo-sung,,Amazon Japan,https://www.amazon.co.jp/dp/B01NAAVGN0,1392,JPY,1 JPY = 167.08 VND
,TP-Link Deco X50 3 Pack AX3000 Mesh Wi-Fi 6,tp-link-deco-x50-3-pack-ax3000-mesh-wifi-6,TP-Link Deco X50 three-pack AX3000 mesh Wi-Fi 6 system.,Collected from Amazon.co.jp. Price converted from JPY to VND; stock is a placeholder.,3967000,,20,https://images-na.ssl-images-amazon.com/images/P/B0BSTMHPJ2.09.LZZZZZZZ.jpg,https://images-na.ssl-images-amazon.com/images/P/B0BSTMHPJ2.01.LZZZZZZZ.jpg|https://images-na.ssl-images-amazon.com/images/P/B0BSTMHPJ2.02.LZZZZZZZ.jpg|https://images-na.ssl-images-amazon.com/images/P/B0BSTMHPJ2.03.LZZZZZZZ.jpg|https://images-na.ssl-images-amazon.com/images/P/B0BSTMHPJ2.04.LZZZZZZZ.jpg|https://images-na.ssl-images-amazon.com/images/P/B0BSTMHPJ2.05.LZZZZZZZ.jpg,71,1,thiet-bi-mang,,Amazon Japan,https://www.amazon.co.jp/dp/B0BSTMHPJ2,23746,JPY,1 JPY = 167.08 VND
,Fujifilm Instax Mini Evo Hybrid Instant Camera Brown,fujifilm-instax-mini-evo-hybrid-instant-camera-brown,Fujifilm Instax Mini Evo hybrid instant camera and smartphone printer.,Collected from Amazon.co.jp. Price converted from JPY to VND; stock is a placeholder.,5221000,,20,https://images-na.ssl-images-amazon.com/images/P/B0C85KXCXK.09.LZZZZZZZ.jpg,https://images-na.ssl-images-amazon.com/images/P/B0C85KXCXK.01.LZZZZZZZ.jpg|https://images-na.ssl-images-amazon.com/images/P/B0C85KXCXK.02.LZZZZZZZ.jpg|https://images-na.ssl-images-amazon.com/images/P/B0C85KXCXK.03.LZZZZZZZ.jpg|https://images-na.ssl-images-amazon.com/images/P/B0C85KXCXK.04.LZZZZZZZ.jpg|https://images-na.ssl-images-amazon.com/images/P/B0C85KXCXK.05.LZZZZZZZ.jpg,72,1,camera,,Amazon Japan,https://www.amazon.co.jp/dp/B0C85KXCXK,31250,JPY,1 JPY = 167.08 VND
,Apple iPhone 16e 256GB White SIM Free,apple-iphone-16e-256gb-white-sim-free,Apple iPhone 16e 256GB SIM-free 5G model.,Collected from Amazon.co.jp smartphone listings. Price converted from JPY to VND; stock is a placeholder.,19181000,,20,https://images-na.ssl-images-amazon.com/images/P/B0DJXSKB4W.09.LZZZZZZZ.jpg,https://images-na.ssl-images-amazon.com/images/P/B0DJXSKB4W.01.LZZZZZZZ.jpg|https://images-na.ssl-images-amazon.com/images/P/B0DJXSKB4W.02.LZZZZZZZ.jpg|https://images-na.ssl-images-amazon.com/images/P/B0DJXSKB4W.03.LZZZZZZZ.jpg|https://images-na.ssl-images-amazon.com/images/P/B0DJXSKB4W.04.LZZZZZZZ.jpg|https://images-na.ssl-images-amazon.com/images/P/B0DJXSKB4W.05.LZZZZZZZ.jpg,73,1,dien-thoai,apple,Amazon Japan,https://www.amazon.co.jp/dp/B0DJXSKB4W,114800,JPY,1 JPY = 167.08 VND
,DHC Calcium Magnesium 90 Day 270 Tablets Value Pack,dhc-calcium-magnesium-90-day-270-tablets-value-pack-b06xw1tnbx,"DHC Calcium/Mag 90 ngày, bổ sung calcium và magnesium.",Mineral supplement collected from Amazon.co.jp. Price converted from JPY to VND; stock is a placeholder.,207000,190000,46,https://images-na.ssl-images-amazon.com/images/P/B06XW1TNBX.09.LZZZZZZZ.jpg,https://images-na.ssl-images-amazon.com/images/P/B06XW1TNBX.01.LZZZZZZZ.jpg|https://images-na.ssl-images-amazon.com/images/P/B06XW1TNBX.02.LZZZZZZZ.jpg|https://images-na.ssl-images-amazon.com/images/P/B06XW1TNBX.03.LZZZZZZZ.jpg|https://images-na.ssl-images-amazon.com/images/P/B06XW1TNBX.04.LZZZZZZZ.jpg|https://images-na.ssl-images-amazon.com/images/P/B06XW1TNBX.05.LZZZZZZZ.jpg,74,1,thuc-pham-bo-sung,,Amazon Japan,https://www.amazon.co.jp/dp/B06XW1TNBX,1237,JPY,1 JPY = 167.08 VND
,Dear Natura Style Multi Vitamin 90 Day Value Pack,dear-natura-style-multi-vitamin-90-day-value-pack-b0bk7x8fv5,"Dear Natura Style multivitamin, gói 90 ngày.",Multivitamin supplement collected from Amazon.co.jp. Price converted from JPY to VND; stock is a placeholder.,202000,186000,30,https://images-na.ssl-images-amazon.com/images/P/B0BK7X8FV5.09.LZZZZZZZ.jpg,https://images-na.ssl-images-amazon.com/images/P/B0BK7X8FV5.01.LZZZZZZZ.jpg|https://images-na.ssl-images-amazon.com/images/P/B0BK7X8FV5.02.LZZZZZZZ.jpg|https://images-na.ssl-images-amazon.com/images/P/B0BK7X8FV5.03.LZZZZZZZ.jpg|https://images-na.ssl-images-amazon.com/images/P/B0BK7X8FV5.04.LZZZZZZZ.jpg|https://images-na.ssl-images-amazon.com/images/P/B0BK7X8FV5.05.LZZZZZZZ.jpg,75,1,thuc-pham-bo-sung,,Amazon Japan,https://www.amazon.co.jp/dp/B0BK7X8FV5,1210,JPY,1 JPY = 167.08 VND
,Galaxy Tab A9 Plus Wi-Fi 64GB Graphite,galaxy-tab-a9-plus-wifi-64gb-graphite,Samsung Galaxy Tab A9+ Wi-Fi tablet with 11-inch display and 64GB storage.,Collected from Amazon.co.jp. Price converted from JPY to VND; stock is a placeholder.,5029000,,20,https://images-na.ssl-images-amazon.com/images/P/B0CKKK44GN.09.LZZZZZZZ.jpg,https://images-na.ssl-images-amazon.com/images/P/B0CKKK44GN.01.LZZZZZZZ.jpg|https://images-na.ssl-images-amazon.com/images/P/B0CKKK44GN.02.LZZZZZZZ.jpg|https://images-na.ssl-images-amazon.com/images/P/B0CKKK44GN.03.LZZZZZZZ.jpg|https://images-na.ssl-images-amazon.com/images/P/B0CKKK44GN.04.LZZZZZZZ.jpg|https://images-na.ssl-images-amazon.com/images/P/B0CKKK44GN.05.LZZZZZZZ.jpg,76,1,may-tinh-bang,samsung,Amazon Japan,https://www.amazon.co.jp/dp/B0CKKK44GN,30100,JPY,1 JPY = 167.08 VND
,Kodak PIXPRO FZ55-BK 16MP Digital Camera Black,kodak-pixpro-fz55-bk-16mp-digital-camera-black,Kodak PIXPRO FZ55-BK compact digital camera with 16MP sensor and 5x optical zoom.,Collected from Amazon.co.jp digital camera listings. Price converted from JPY to VND; stock is a placeholder.,3893000,,20,https://images-na.ssl-images-amazon.com/images/P/B09ZRN1N3Z.09.LZZZZZZZ.jpg,https://images-na.ssl-images-amazon.com/images/P/B09ZRN1N3Z.01.LZZZZZZZ.jpg|https://images-na.ssl-images-amazon.com/images/P/B09ZRN1N3Z.02.LZZZZZZZ.jpg|https://images-na.ssl-images-amazon.com/images/P/B09ZRN1N3Z.03.LZZZZZZZ.jpg|https://images-na.ssl-images-amazon.com/images/P/B09ZRN1N3Z.04.LZZZZZZZ.jpg|https://images-na.ssl-images-amazon.com/images/P/B09ZRN1N3Z.05.LZZZZZZZ.jpg,77,1,camera,,Amazon Japan,https://www.amazon.co.jp/dp/B09ZRN1N3Z,23299,JPY,1 JPY = 167.08 VND
,DHC Diet Power 30 Day 90 Tablets Travel Pack,dhc-diet-power-30-day-90-tablets-travel-pack-b004brsbvs,"DHC Diet Power 30 ngày, supplement hỗ trợ kiểm soát dinh dưỡng.",Diet support supplement collected from Amazon.co.jp. Price converted from JPY to VND; stock is a placeholder.,239000,,44,https://images-na.ssl-images-amazon.com/images/P/B004BRSBVS.09.LZZZZZZZ.jpg,https://images-na.ssl-images-amazon.com/images/P/B004BRSBVS.01.LZZZZZZZ.jpg|https://images-na.ssl-images-amazon.com/images/P/B004BRSBVS.02.LZZZZZZZ.jpg|https://images-na.ssl-images-amazon.com/images/P/B004BRSBVS.03.LZZZZZZZ.jpg|https://images-na.ssl-images-amazon.com/images/P/B004BRSBVS.04.LZZZZZZZ.jpg|https://images-na.ssl-images-amazon.com/images/P/B004BRSBVS.05.LZZZZZZZ.jpg,78,1,thuc-pham-bo-sung,,Amazon Japan,https://www.amazon.co.jp/dp/B004BRSBVS,1428,JPY,1 JPY = 167.08 VND
,Dear Natura Style Multi Vitamin 90 Day Travel Pack,dear-natura-style-multi-vitamin-90-day-travel-pack-b0bk7x8fv5,"Dear Natura Style multivitamin, gói 90 ngày.",Multivitamin supplement collected from Amazon.co.jp. Price converted from JPY to VND; stock is a placeholder.,180000,,32,https://images-na.ssl-images-amazon.com/images/P/B0BK7X8FV5.09.LZZZZZZZ.jpg,https://images-na.ssl-images-amazon.com/images/P/B0BK7X8FV5.01.LZZZZZZZ.jpg|https://images-na.ssl-images-amazon.com/images/P/B0BK7X8FV5.02.LZZZZZZZ.jpg|https://images-na.ssl-images-amazon.com/images/P/B0BK7X8FV5.03.LZZZZZZZ.jpg|https://images-na.ssl-images-amazon.com/images/P/B0BK7X8FV5.04.LZZZZZZZ.jpg|https://images-na.ssl-images-amazon.com/images/P/B0BK7X8FV5.05.LZZZZZZZ.jpg,79,1,thuc-pham-bo-sung,,Amazon Japan,https://www.amazon.co.jp/dp/B0BK7X8FV5,1075,JPY,1 JPY = 167.08 VND
,DHC Multi Vitamin 90 Day 90 Tablets Family Pack,dhc-multi-vitamin-90-day-90-tablets-family-pack-b00gx1e3r6,"Vitamin tổng hợp DHC 90 ngày, bổ sung 12 loại vitamin.",Multivitamin supplement collected from Amazon.co.jp. Price converted from JPY to VND; stock is a placeholder.,182000,167000,33,https://images-na.ssl-images-amazon.com/images/P/B00GX1E3R6.09.LZZZZZZZ.jpg,https://images-na.ssl-images-amazon.com/images/P/B00GX1E3R6.01.LZZZZZZZ.jpg|https://images-na.ssl-images-amazon.com/images/P/B00GX1E3R6.02.LZZZZZZZ.jpg|https://images-na.ssl-images-amazon.com/images/P/B00GX1E3R6.03.LZZZZZZZ.jpg|https://images-na.ssl-images-amazon.com/images/P/B00GX1E3R6.04.LZZZZZZZ.jpg|https://images-na.ssl-images-amazon.com/images/P/B00GX1E3R6.05.LZZZZZZZ.jpg,80,1,thuc-pham-bo-sung,,Amazon Japan,https://www.amazon.co.jp/dp/B00GX1E3R6,1087,JPY,1 JPY = 167.08 VND
